 Automated mail xmit by MAIL_REQUEST, PID=   3657 Sat Apr 12 04:59:53 2014
++++++++++++++++++++++++++++++++ (part 1 of 1)  
++++++++++++++++++++++++++++++++ +++++++++++++++++++++++++++++++

*******************************************************************************
 Revised: Dec 02, 2013              Jupiter                                 599
 
 PHYSICAL DATA (updated 2009-Jan-28):
  Mass (10^24 kg)       =  1898.13+-.19   Density (g/cm^3)       =  1.326
  Equat. radius (1 bar) = 71492+-4 km     Polar radius (km)      = 66854+-10
  Volumetric mean radius= 69911+-6 km     Flattening             =  0.06487

  Rotation period       = 9h 55m 29.685s  Rot. rate(10^-4 rad/s) =  1.75865
  m = w^2a^3/GM         =  0.089195       Hydrostatic flat., fh  =  0.06509
  Inferred rot. period  =  9.894+-0.02 hr ks = 3*J2/m            =  0.494
  Mom. of inert. I/MRo^2=  0.254          I/MRo^2 (upper bound)  =  0.267 
  Rocky core mass (Mc/M)=  0.0261         Y factor (He/H ratio)  =  0.18+-0.04

  GM (km^3/s^2)         = 126,686,511     GM 1-sigma (km^3/s^2)  = +-100
  Equ. grav, ge (m/s^2) = 24.79           Pol. grav, gp (m/s^2)  = 28.34

  Geometric albedo      =  0.52           Visual magnitude V(1,0)= -9.40
  Vis. mag. (opposition)= -2.70           Obliquity to orbit     =  3.12 deg
  Sidereal orbit period = 11.862615 yr    Sidereal orbit period  = 4332.820 d
  Mean daily motion     = 0.0831294 deg/d Mean orbit velocity    = 13.0697 km/s

  Atmos. temp. (1 bar)  = 165+-5 K        Heat flow/mass (x10^7) = 15 erg/gm*s
  Planetary Solar Const =  50.5 W/m^2     Dipole tilt/offset     = 9.6deg/0.1Rp 
  Escape velocity (km/s)=  59.5           Mag.dip.mom(gauss-Rp^3)= 4.2 
  A_roche(ice)/Rp       =  2.76           Hill's sphere rad. Rp  = 740
*******************************************************************************
 
 
*******************************************************************************
Ephemeris / MAIL_REQUEST Sat Apr 12 04:59:53 2014 Pasadena, USA  / Horizons    
*******************************************************************************
Target body name: Jupiter (599)                   {source: JUP310}
Center body name: Sun (10)                        {source: DE-0431LE-0431}
Center-site name: BODY CENTER
*******************************************************************************
Start time      : A.D. 2013-Jan-01 10:00:00.0000 CT 
Stop  time      : A.D. 2014-Jan-01 10:00:00.0000 CT 
Step-size       : 2 steps
*******************************************************************************
Center geodetic : 0.00000000,0.00000000,0.0000000 {E-lon(deg),Lat(deg),Alt(km)} Center cylindric: 0.00000000,0.00000000,0.0000000 {E-lon(deg),Dxy(km),Dz(km)}
Center radii    : 696000.0 x 696000.0 x 696000.0 k{Equator, meridian, pole}    
Output units    : AU-D                                                         
Output format   : 03
Reference frame : ICRF/J2000.0                                                 
Output type     : GEOMETRIC cartesian states
Coordinate systm: Ecliptic and Mean Equinox of Reference Epoch                 
*******************************************************************************
JDCT ,   , X, Y, Z, VX, VY, VZ, LT, RG, RR,
*******************************************************************************
$$SOE
2456293.916666667, A.D. 2013-Jan-01 10:00:00.0000,  1.422209529126623E+00,  4.859589010918406E+00, -5.200801865188909E-02, -7.339950028383696E-03,  2.481127944686398E-03,  1.539712539817701E-04,  2.924545364848058E-02,  5.063693329357694E+00,  3.180104671456065E-04, 2456476.416666667, A.D. 2013-Jul-02 22:00:00.0000,  4.616010717831649E-02,  5.125386584508440E+00, -2.231962346719619E-02, -7.644431081757753E-03,  4.266889995224373E-04,  1.692793452889112E-04,  2.960324533129979E-02,  5.125643038853323E+00,  3.570869158731502E-04, 2456658.916666667, A.D. 2014-Jan-01 10:00:00.0000, -1.333876581853434E+00,  5.018067946359849E+00,  9.007118738739193E-03, -7.391233473949680E-03, -1.581817641796846E-03,  1.719800257577636E-04,  2.998840986125724E-02,  5.192332209911952E+00,  3.703295173346979E-04, $$EOE
*******************************************************************************
Coordinate system description:

  Ecliptic and Mean Equinox of Reference Epoch

    Reference epoch: J2000.0
    xy-plane: plane of the Earth's orbit at the reference epoch
    x-axis  : out along ascending node of instantaneous plane of the Earth's
              orbit and the Earth's mean equator at the reference epoch
    z-axis  : perpendicular to the xy-plane in the directional (+ or -) sense
              of Earth's north pole at the reference epoch.

Symbol meaning [1 au=149597870.700 km, 1 day=86400.0 s]:

    JDCT     Epoch Julian Date, Coordinate Time
      X      x-component of position vector (AU)                               
      Y      y-component of position vector (AU)                               
      Z      z-component of position vector (AU)                               
      VX     x-component of velocity vector (AU/day)                           
      VY     y-component of velocity vector (AU/day)                           
      VZ     z-component of velocity vector (AU/day)                           
      LT     One-way down-leg Newtonian light-time (day)                       
      RG     Range; distance from coordinate center (AU)                       
      RR     Range-rate; radial velocity wrt coord. center (AU/day)            

Geometric states/elements have no aberration corrections applied.

 Computations by ...
     Solar System Dynamics Group, Horizons On-Line Ephemeris System
     4800 Oak Grove Drive, Jet Propulsion Laboratory
     Pasadena, CA  91109   USA
     Information: http://ssd.jpl.nasa.gov/
     Connect    : telnet://ssd.jpl.nasa.gov:6775  (via browser)
                  telnet ssd.jpl.nasa.gov 6775    (via command-line)
     Author     : Jon.Giorgini@jpl.nasa.gov
*******************************************************************************
