 Automated mail xmit by MAIL_REQUEST, PID=   3657 Sat Apr 12 04:59:55 2014
++++++++++++++++++++++++++++++++ (part 1 of 1)  
++++++++++++++++++++++++++++++++ +++++++++++++++++++++++++++++++

*******************************************************************************
 Revised: Dec 30, 2013                Saturn                                699
 
 PHYSICAL DATA (updated 2009-May-26):
  Mass (10^26 kg)       = 5.68319         Density (g/cm^3)       =  0.687+-.001
  Equat. radius (1 bar) = 60268+-4 km     Polar radius (km)      = 54364+-10
  Volumetric mean radius= 58232+-6 km     Flattening             =  0.09796

  Rotation period       = 10h 39m 22.4s   Rot. rate(10^-4 rad/s) =  1.63785 
  m = w^2a^3/GM         =  0.15481        Hydrostatic flat., fh  =  0.09829
  Inferred rot. period  = 10.61+-0.02 hr  ks = 3*J2/m            =  0.317
  Mom. of inert. I/MRo^2=  0.210          I/MRo^2 (upper bound)  =  0.231 
  Rocky core mass (Mc/M)=  0.1027         Y factor (He/H ratio)  =  

  GM (km^3/s^2)         = 37931207.8      GM 1-sigma (km^3/s^2)  = +- 98
  Equ. grav, ge (m/s^2) = 10.44           Pol. grav, gp (m/s^2)  = 12.14+-0.01

  Geometric albedo      =  0.47           Visual magnitude V(1,0)= -8.88
  Vis. mag. (opposition)= +0.67           Obliquity to orbit     = 26.73 deg
  Sidereal orbit period = 29.447498 yr    Sidereal orbit period  = 10755.698 d
  Mean daily motion     = 0.0334979 deg/d Mean orbit velocity    =  9.6624 km/s

  Atmos. temp. (1 bar)  = 134+-4 K        Heat flow/mass (x10^7) = 15 erg/gm*s
  Planetary Solar Const =  15.04 W/m^2    Dipole tilt/offset     = 0.0deg/0.0Rp 
  Escape velocity (km/s)=  35.5           Mag.dip.mom(gauss-Rp^3)= 0.21
  Aroche(ice)/Rp        =  2.71           Hill's sphere rad. Rp  = 1100
*******************************************************************************
 
 
*******************************************************************************
Ephemeris / MAIL_REQUEST Sat Apr 12 04:59:54 2014 Pasadena, USA  / Horizons    
*******************************************************************************
Target body name: Saturn (699)                    {source: SAT360}
Center body name: Sun (10)                        {source: DE-0431LE-0431}
Center-site name: BODY CENTER
*******************************************************************************
Start time      : A.D. 2013-Jan-01 10:00:00.0000 CT 
Stop  time      : A.D. 2014-Jan-01 10:00:00.0000 CT 
Step-size       : 2 steps
*******************************************************************************
Center geodetic : 0.00000000,0.00000000,0.0000000 {E-lon(deg),Lat(deg),Alt(km)} Center cylindric: 0.00000000,0.00000000,0.0000000 {E-lon(deg),Dxy(km),Dz(km)}
Center radii    : 696000.0 x 696000.0 x 696000.0 k{Equator, meridian, pole}    
Output units    : AU-D                                                         
Output format   : 03
Reference frame : ICRF/J2000.0                                                 
Output type     : GEOMETRIC cartesian states
Coordinate systm: Ecliptic and Mean Equinox of Reference Epoch                 
*******************************************************************************
JDCT ,   , X, Y, Z, VX, VY, VZ, LT, RG, RR,
*******************************************************************************
$$SOE
2456293.916666667, A.D. 2013-Jan-01 10:00:00.0000, -8.079753341120863E+00, -5.516613344583956E+00,  4.176100924832920E-01,  2.838354489857385E-03, -4.618992115616435E-03, -3.266871715559843E-05,  5.655581333285691E-02,  9.792335525110413E+00,  2.588092062752167E-04, 2456476.416666667, A.D. 2013-Jul-02 22:00:00.0000, -7.520621905999213E+00, -6.329436224359484E+00,  4.094731280399982E-01,  3.282958568292537E-03, -4.281550215414176E-03, -5.648485631074403E-05,  5.682041261720074E-02,  9.838149471003993E+00,  2.426045549421756E-04, 2456658.916666667, A.D. 2014-Jan-01 10:00:00.0000, -6.883655057342839E+00, -7.077105998457539E+00,  3.971027934823941E-01,  3.690549318367288E-03, -3.906104543527157E-03, -7.884280150944626E-05,  5.706604543573135E-02,  9.880679475141214E+00,  2.234804523996769E-04, $$EOE
*******************************************************************************
Coordinate system description:

  Ecliptic and Mean Equinox of Reference Epoch

    Reference epoch: J2000.0
    xy-plane: plane of the Earth's orbit at the reference epoch
    x-axis  : out along ascending node of instantaneous plane of the Earth's
              orbit and the Earth's mean equator at the reference epoch
    z-axis  : perpendicular to the xy-plane in the directional (+ or -) sense
              of Earth's north pole at the reference epoch.

Symbol meaning [1 au=149597870.700 km, 1 day=86400.0 s]:

    JDCT     Epoch Julian Date, Coordinate Time
      X      x-component of position vector (AU)                               
      Y      y-component of position vector (AU)                               
      Z      z-component of position vector (AU)                               
      VX     x-component of velocity vector (AU/day)                           
      VY     y-component of velocity vector (AU/day)                           
      VZ     z-component of velocity vector (AU/day)                           
      LT     One-way down-leg Newtonian light-time (day)                       
      RG     Range; distance from coordinate center (AU)                       
      RR     Range-rate; radial velocity wrt coord. center (AU/day)            

Geometric states/elements have no aberration corrections applied.

 Computations by ...
     Solar System Dynamics Group, Horizons On-Line Ephemeris System
     4800 Oak Grove Drive, Jet Propulsion Laboratory
     Pasadena, CA  91109   USA
     Information: http://ssd.jpl.nasa.gov/
     Connect    : telnet://ssd.jpl.nasa.gov:6775  (via browser)
                  telnet ssd.jpl.nasa.gov 6775    (via command-line)
     Author     : Jon.Giorgini@jpl.nasa.gov
*******************************************************************************
