 Automated mail xmit by MAIL_REQUEST, PID=   11502 Thu Apr 10 09:14:49 2014
++++++++++++++++++++++++++++++++ (part 1 of 1)  
++++++++++++++++++++++++++++++++ +++++++++++++++++++++++++++++++

*******************************************************************************
 Revised: Jul 31, 2013              Venus                               299 / 2
 
 GEOPHYSICAL DATA (updated 2014-Mar-13):
  Mean radius (km)      =   6051.8(4+-1)  Density (g cm^-3)     =  5.204 
  Mass (10^23 kg )      =     48.685      Flattening, f         =  
  Volume (x10^10 km^3)  =     92.843      Semi-major axis       =  
  Sidereal rot. period  =   -243.0185 d   Rot. Rate (x10^5 s)   = -0.029924 
  Mean solar day        =    116.7490 d   Polar gravity ms^-2   =   
  Mom. of Inertia       =      0.33       Equ. gravity  ms^-2   =  8.870 
  Core radius (km)      =  ~3200          Potential Love # k2   = ~0.25 

  Grav spectral fact u  =      1.5        Topo. spectral fact t =  23       
  Fig. offset (Rcf-Rcm) =      0.19+-01   Offset (lat./long.)   = 11/102 dg/dg 
  GM (km^3 s^-2)        = 324858.63       Equatorial Radius, Re = 6051.893 km 
  GM 1-sigma (km^3 s^-2)=    +-0.04       Mass ratio (Sun/Venus)= 408523.72
  
  Atmos. pressure (bar) =    90           Max. angular diam.    =   60.2" 
  Mean Temperature (K)  =  735            Visual mag. V(1,0)    =   -4.40 
  Geometric albedo      =    0.65         Obliquity to orbit    =  177.3 deg 
  Sidereal orb. per.    =    0.61519726 y Orbit vel.  km/s      =   35.0214 
  Sidereal orb. per.    =  224.70079922 d Escape vel. km/s      =   10.361 
  Hill's sphere rad. Rp =  167.1          Planetary Solar Const = 2613.9 (Wm^2) 
*******************************************************************************
 
 
*******************************************************************************
Ephemeris / MAIL_REQUEST Thu Apr 10 09:14:49 2014 Pasadena, USA  / Horizons    
*******************************************************************************
Target body name: Venus Barycenter (299)          {source: DE-0431LE-0431}
Center body name: Sun (10)                        {source: DE-0431LE-0431}
Center-site name: BODY CENTER
*******************************************************************************
Start time      : A.D. 2013-Jan-01 10:00:00.0000 CT 
Stop  time      : A.D. 2014-Jan-01 10:00:00.0000 CT 
Step-size       : 2 steps
*******************************************************************************
Center geodetic : 0.00000000,0.00000000,0.0000000 {E-lon(deg),Lat(deg),Alt(km)} Center cylindric: 0.00000000,0.00000000,0.0000000 {E-lon(deg),Dxy(km),Dz(km)}
Center radii    : 696000.0 x 696000.0 x 696000.0 k{Equator, meridian, pole}    
Output units    : AU-D                                                         
Output format   : 03
Reference frame : ICRF/J2000.0                                                 
Output type     : GEOMETRIC cartesian states
Coordinate systm: Ecliptic and Mean Equinox of Reference Epoch                 
*******************************************************************************
JDCT ,   , X, Y, Z, VX, VY, VZ, LT, RG, RR,
*******************************************************************************
$$SOE
2456293.916666667, A.D. 2013-Jan-01 10:00:00.0000, -4.538471428105739E-01, -5.639038927503256E-01,  1.846619303199675E-02,  1.561533128554960E-02, -1.277666673336479E-02, -1.076281469539737E-03,  4.181993080456759E-03,  7.240896557619002E-01,  1.352923594169817E-04, 2456476.416666667, A.D. 2013-Jul-02 22:00:00.0000, -6.870591199028281E-01,  2.080865412012416E-01,  4.250347151980385E-02, -5.960785704297700E-03, -1.945070837680097E-02,  7.749089380207169E-05,  4.153383959802043E-03,  7.191361400750066E-01,  7.130107780985532E-05, 2456658.916666667, A.D. 2014-Jan-01 10:00:00.0000, -5.831439636949635E-02,  7.169250768214764E-01,  1.318919938990162E-02, -2.022857543428275E-02, -1.748968066254293E-03,  1.143469296829752E-03,  4.154987083816474E-03,  7.194137123936165E-01, -8.226206120484555E-05, $$EOE
*******************************************************************************
Coordinate system description:

  Ecliptic and Mean Equinox of Reference Epoch

    Reference epoch: J2000.0
    xy-plane: plane of the Earth's orbit at the reference epoch
    x-axis  : out along ascending node of instantaneous plane of the Earth's
              orbit and the Earth's mean equator at the reference epoch
    z-axis  : perpendicular to the xy-plane in the directional (+ or -) sense
              of Earth's north pole at the reference epoch.

Symbol meaning [1 au=149597870.700 km, 1 day=86400.0 s]:

    JDCT     Epoch Julian Date, Coordinate Time
      X      x-component of position vector (AU)                               
      Y      y-component of position vector (AU)                               
      Z      z-component of position vector (AU)                               
      VX     x-component of velocity vector (AU/day)                           
      VY     y-component of velocity vector (AU/day)                           
      VZ     z-component of velocity vector (AU/day)                           
      LT     One-way down-leg Newtonian light-time (day)                       
      RG     Range; distance from coordinate center (AU)                       
      RR     Range-rate; radial velocity wrt coord. center (AU/day)            

Geometric states/elements have no aberration corrections applied.

 Computations by ...
     Solar System Dynamics Group, Horizons On-Line Ephemeris System
     4800 Oak Grove Drive, Jet Propulsion Laboratory
     Pasadena, CA  91109   USA
     Information: http://ssd.jpl.nasa.gov/
     Connect    : telnet://ssd.jpl.nasa.gov:6775  (via browser)
                  telnet ssd.jpl.nasa.gov 6775    (via command-line)
     Author     : Jon.Giorgini@jpl.nasa.gov
*******************************************************************************
